{
  "uid" : "dab58cad-a473-46f3-997e-f6f4fd55c7fb",
  "name" : "Capex Call",
  "identifier" : "capexCall",
  "type" : "automation",
  "visibility" : true,
  "activated" : true,
  "header" : {
    "inputs" : [ ],
    "outputs" : [ {
      "description" : "",
      "identifier" : "resCall",
      "type" : "simple",
      "typeName" : "any",
      "typeValue" : "any",
      "dimension" : 0,
      "container" : null
    } ],
    "maxDuration" : 600,
    "triggerable" : true,
    "hasAddJobSubAutomations" : false,
    "hasAlerts" : false,
    "scriptUids" : [ "730944bf-3620-404d-8d8a-b7d48577b9ef", "014d248b-a1f8-4371-98eb-a739607087de" ]
  },
  "buildHeader" : null,
  "validity" : true,
  "dependencies" : [ {
    "artifactUid" : "08932019-52df-3d41-8347-421faed14de4",
    "artifactContainerUid" : "ada8e25d-5625-4d60-8ba3-80817d40ab04",
    "packageUid" : "2dbcfd22-58ea-49a2-99d6-005f5bb902c3",
    "packageAlias" : "irpa_core"
  }, {
    "artifactUid" : "ee7aae5b-a1d7-4d04-9512-3f22b5a34f0f",
    "artifactContainerUid" : "cfde9b47-c4b2-4c0b-bed3-2a610e19b3e1"
  }, {
    "artifactUid" : "4056fa18-2d5a-464e-bb4e-29254929e150",
    "artifactContainerUid" : "cfde9b47-c4b2-4c0b-bed3-2a610e19b3e1"
  }, {
    "artifactUid" : "155322c0-b410-3a63-9fa5-c32ccad0fa1c",
    "artifactContainerUid" : "ada8e25d-5625-4d60-8ba3-80817d40ab04",
    "packageUid" : "2dbcfd22-58ea-49a2-99d6-005f5bb902c3",
    "packageAlias" : "irpa_core"
  }, {
    "artifactUid" : "d9a72532-e000-46f6-8f81-9a2e41a3d0a7",
    "artifactContainerUid" : "cfde9b47-c4b2-4c0b-bed3-2a610e19b3e1"
  }, {
    "artifactUid" : "bbdcabaa-28e9-3393-8efd-644dec20f4f8",
    "artifactContainerUid" : "ada8e25d-5625-4d60-8ba3-80817d40ab04",
    "packageUid" : "2dbcfd22-58ea-49a2-99d6-005f5bb902c3",
    "packageAlias" : "irpa_core"
  }, {
    "artifactUid" : "ed521d70-d2b5-3286-848b-8acd783a6b43",
    "artifactContainerUid" : "ada8e25d-5625-4d60-8ba3-80817d40ab04",
    "packageUid" : "2dbcfd22-58ea-49a2-99d6-005f5bb902c3",
    "packageAlias" : "irpa_core"
  }, {
    "artifactUid" : "60ff28c0-731a-489f-81eb-1643a61737a7",
    "artifactContainerUid" : "cfde9b47-c4b2-4c0b-bed3-2a610e19b3e1"
  }, {
    "artifactUid" : "744d49e5-6728-43f3-a0e3-43080e0fffc5",
    "artifactContainerUid" : "cfde9b47-c4b2-4c0b-bed3-2a610e19b3e1"
  }, {
    "artifactUid" : "9cab8902-34c3-37f9-a6bb-8e55279e5195",
    "artifactContainerUid" : "ada8e25d-5625-4d60-8ba3-80817d40ab04",
    "packageUid" : "2dbcfd22-58ea-49a2-99d6-005f5bb902c3",
    "packageAlias" : "irpa_core"
  } ],
  "access" : "default",
  "contents" : [ {
    "uid" : "d147f449-0d2d-4ceb-b3be-ac7d5748e758",
    "name" : "730944bf-3620-404d-8d8a-b7d48577b9ef",
    "mimeType" : "application/json",
    "size" : 253,
    "lastUpdateRelease" : "2106.01"
  }, {
    "uid" : "c4e18430-67ec-4e4e-87c9-3cd275c6b4e2",
    "name" : "014d248b-a1f8-4371-98eb-a739607087de",
    "mimeType" : "application/json",
    "size" : 473,
    "lastUpdateRelease" : "2106.01"
  }, {
    "uid" : "8f41d574-0672-4e0a-93cc-711709b1d754",
    "name" : "content",
    "mimeType" : "application/json",
    "size" : 19356,
    "lastUpdateRelease" : "2106.02"
  } ],
  "exportRelease" : "2110.51",
  "lastHeaderUpdateRelease" : "2105.02",
  "submittable" : true,
  "mode" : "managed"
}