{
  "uid" : "cc1602a8-789a-4273-b469-51df38b625d4",
  "name" : "Capex Menu",
  "identifier" : "projectpane0",
  "type" : "projectpane",
  "visibility" : true,
  "activated" : true,
  "header" : null,
  "buildHeader" : null,
  "validity" : true,
  "dependencies" : [ {
    "artifactUid" : "dab58cad-a473-46f3-997e-f6f4fd55c7fb",
    "artifactContainerUid" : "cfde9b47-c4b2-4c0b-bed3-2a610e19b3e1"
  } ],
  "access" : "default",
  "contents" : [ {
    "uid" : "c796be0b-3ce0-48d3-84e8-0f74608309d4",
    "name" : "content",
    "mimeType" : "application/json",
    "size" : 181,
    "lastUpdateRelease" : "2106.01"
  } ],
  "exportRelease" : "2110.51",
  "lastHeaderUpdateRelease" : "2105.02",
  "submittable" : true,
  "mode" : "managed"
}