{
  "uid" : "4056fa18-2d5a-464e-bb4e-29254929e150",
  "name" : "uaaClientSecret",
  "identifier" : "uaaClientSecret",
  "type" : "environment-variable",
  "visibility" : true,
  "activated" : true,
  "header" : {
    "type" : "simple",
    "typeValue" : "password",
    "typeName" : "password",
    "dimension" : 0
  },
  "buildHeader" : null,
  "validity" : true,
  "access" : "default",
  "exportRelease" : "2110.51",
  "lastHeaderUpdateRelease" : "2105.02",
  "submittable" : true,
  "mode" : "managed"
}